<?xml version="1.0" encoding="UTF-8"?>
<project-private xmlns="http://www.netbeans.org/ns/project-private/1">
    <editor-bookmarks xmlns="http://www.netbeans.org/ns/editor-bookmarks/2" lastBookmarkId="0"/>
    <open-files xmlns="http://www.netbeans.org/ns/projectui-open-files/2">
        <group>
            <file>file:/C:/Users/Morai/Documents/IPS/Disciplinas%202015-2016/1ºSemestre/PA/Projeto/Milestone3/EntregaFinal/src/treslinha/view/gestor/menu/main/MenuPrincipalController.java</file>
            <file>file:/C:/Users/Morai/Documents/IPS/Disciplinas%202015-2016/1ºSemestre/PA/Projeto/Milestone3/EntregaFinal/src/treslinha/view/gestor/menu/estatisticas/EstatisticasController.java</file>
            <file>file:/C:/Users/Morai/Documents/IPS/Disciplinas%202015-2016/1ºSemestre/PA/Projeto/Milestone3/EntregaFinal/src/treslinha/view/gestor/menu/about/AboutPainel.css</file>
            <file>file:/C:/Users/Morai/Documents/IPS/Disciplinas%202015-2016/1ºSemestre/PA/Projeto/Milestone3/EntregaFinal/src/treslinha/view/gestor/menu/about/AboutController.java</file>
            <file>file:/C:/Users/Morai/Documents/IPS/Disciplinas%202015-2016/1ºSemestre/PA/Projeto/Milestone3/EntregaFinal/src/treslinha/view/gestor/main/Gestor.java</file>
            <file>file:/C:/Users/Morai/Documents/IPS/Disciplinas%202015-2016/1ºSemestre/PA/Projeto/Milestone3/EntregaFinal/src/treslinha/view/gestor/menu/about/About.fxml</file>
        </group>
    </open-files>
</project-private>
